"id","contributor_lastName","contributor_firstName","contributor_email"
"1","Belzile","Melany","Melany.Belzile@dfo-mpo.gc.ca"
"2","Hebert","David","David.Hebert@dfo-mpo.gc.ca"
"3","Richards","Clark","Clark.Richards@dfo-mpo.gc.ca"
"4","Layton","Chantelle","Chantelle.Layton@dfo-mpo.gc.ca"
"5","Beck","Chris","Chris.Beck@dfo-mpo.gc.ca"
"6","Cyr","Frederic","Frederic.Cyr@dfo-mpo.gc.ca"
"7","Moors-Murphy","Hilary","Hilary.Moors-Murphy@dfo-mpo.gc.ca"